Title,Image
Sirenum Fossae,https://d2pn8kiwq2w21t.cloudfront.net/images/jpegPIA25842.2e16d0ba.fill-400x400-c50.jpg
Perseverance's Mastcam-Z Views Ingenuity's 47th Takeoff,https://d2pn8kiwq2w21t.cloudfront.net/images/jpegPIA25686.2e16d0ba.fill-400x400-c50.jpg
Rugged Crater Floor,https://d2pn8kiwq2w21t.cloudfront.net/images/jpegPIA25841.2e16d0ba.fill-400x400-c50.jpg
Gorgonum Chaos,https://d2pn8kiwq2w21t.cloudfront.net/images/jpegPIA25820.2e16d0ba.fill-400x400-c50.jpg
Proctor Crater Dunes,https://d2pn8kiwq2w21t.cloudfront.net/images/jpegPIA25819.2e16d0ba.fill-400x400-c50.jpg
NISAR Science Payload Packaged and Ready to Ship to India,https://d2pn8kiwq2w21t.cloudfront.net/images/jpegPIA25568.2e16d0ba.fill-400x400-c50.jpg
NISAR Science Payload Gets Packaged for Shipment to India,https://d2pn8kiwq2w21t.cloudfront.net/images/jpegPIA25567.2e16d0ba.fill-400x400-c50.jpg
Wind Erosion,https://d2pn8kiwq2w21t.cloudfront.net/images/jpegPIA25818.2e16d0ba.fill-400x400-c50.jpg
Preparing the NISAR Science Payload for a Trip to India,https://d2pn8kiwq2w21t.cloudfront.net/images/jpegPIA25566.2e16d0ba.fill-400x400-c50.jpg
NISAR Science Payload Arrives in India,https://d2pn8kiwq2w21t.cloudfront.net/images/jpegPIA25570.2e16d0ba.fill-400x400-c50.jpg
Arsia Mons Flank,https://d2pn8kiwq2w21t.cloudfront.net/images/jpegPIA25817.2e16d0ba.fill-400x400-c50.jpg
Curiosity Views First Martian Sun Rays,https://d2pn8kiwq2w21t.cloudfront.net/images/jpegPIA25739.2e16d0ba.fill-400x400-c50.jpg
Coprates Chasma,https://d2pn8kiwq2w21t.cloudfront.net/images/jpegPIA25816.2e16d0ba.fill-400x400-c50.jpg
Curiosity Views Feather-Shaped Iridescent Cloud,https://d2pn8kiwq2w21t.cloudfront.net/images/jpegPIA25740.2e16d0ba.fill-400x400-c50.jpg
Circular Sand Dunes,https://d2pn8kiwq2w21t.cloudfront.net/images/jpegPIA25795.2e16d0ba.fill-400x400-c50.jpg
Boulder Patterns,https://d2pn8kiwq2w21t.cloudfront.net/images/jpegPIA25793.2e16d0ba.fill-400x400-c50.jpg
A Look at a Steep North Polar Scarp,https://d2pn8kiwq2w21t.cloudfront.net/images/jpegPIA25792.2e16d0ba.fill-400x400-c50.jpg
South Polar Ice,https://d2pn8kiwq2w21t.cloudfront.net/images/jpegPIA25815.2e16d0ba.fill-400x400-c50.jpg
Glacial (Ice) or Lava Flow?,https://d2pn8kiwq2w21t.cloudfront.net/images/jpegPIA25794.2e16d0ba.fill-400x400-c50.jpg
South Polar Ice,https://d2pn8kiwq2w21t.cloudfront.net/images/jpegPIA25814.2e16d0ba.fill-400x400-c50.jpg
PEACOQ: New Quantum Detector Could Help Quantum Computers Communicate,https://d2pn8kiwq2w21t.cloudfront.net/images/jpegPIA25260.2e16d0ba.fill-400x400-c50.jpg
Perseverance's Navcam Captures Ingenuity,https://d2pn8kiwq2w21t.cloudfront.net/images/jpegPIA25685.2e16d0ba.fill-400x400-c50.jpg
Tyrrhenus Mons,https://d2pn8kiwq2w21t.cloudfront.net/images/jpegPIA25813.2e16d0ba.fill-400x400-c50.jpg
Matara Crater Dunes,https://d2pn8kiwq2w21t.cloudfront.net/images/jpegPIA25812.2e16d0ba.fill-400x400-c50.jpg
"Poniente Almeriense, Spain",https://d2pn8kiwq2w21t.cloudfront.net/images/jpegPIA25791.2e16d0ba.fill-400x400-c50.jpg
Coprates Chasma,https://d2pn8kiwq2w21t.cloudfront.net/images/jpegPIA25811.2e16d0ba.fill-400x400-c50.jpg
Daedalia Planum,https://d2pn8kiwq2w21t.cloudfront.net/images/jpegPIA25810.2e16d0ba.fill-400x400-c50.jpg
Daedalia Planum,https://d2pn8kiwq2w21t.cloudfront.net/images/jpegPIA25809.2e16d0ba.fill-400x400-c50.jpg
"COWVR, TEMPEST Track Tropical Cyclone Mandous",https://d2pn8kiwq2w21t.cloudfront.net/images/jpegPIA25565.2e16d0ba.fill-400x400-c50.jpg
Ius Chasma Landslides,https://d2pn8kiwq2w21t.cloudfront.net/images/jpegPIA25808.2e16d0ba.fill-400x400-c50.jpg
Memnonia Fossae,https://d2pn8kiwq2w21t.cloudfront.net/images/jpegPIA25807.2e16d0ba.fill-400x400-c50.jpg
Russell Crater Dunes,https://d2pn8kiwq2w21t.cloudfront.net/images/jpegPIA25806.2e16d0ba.fill-400x400-c50.jpg
Looking Back at Perseverance's Second Science Campaign,https://d2pn8kiwq2w21t.cloudfront.net/images/jpegPIA25684.2e16d0ba.fill-400x400-c50.jpg
Radar Observations of Elongated Near-Earth Asteroid 2011 AG5,https://d2pn8kiwq2w21t.cloudfront.net/images/jpegPIA25259.2e16d0ba.fill-400x400-c50.jpg
Near Polar Dunes,https://d2pn8kiwq2w21t.cloudfront.net/images/jpegPIA25805.2e16d0ba.fill-400x400-c50.jpg
Front Left Hazcam – Two Year Movie,https://d2pn8kiwq2w21t.cloudfront.net/images/jpegPIA25799.2e16d0ba.fill-400x400-c50.jpg
"Chaine des Puys, France",https://d2pn8kiwq2w21t.cloudfront.net/images/jpegPIA25798.2e16d0ba.fill-400x400-c50.jpg
Crater Gullies,https://d2pn8kiwq2w21t.cloudfront.net/images/jpegPIA25804.2e16d0ba.fill-400x400-c50.jpg
February 2023 You've Got Perseverance Student Awardees Honored,https://d2pn8kiwq2w21t.cloudfront.net/images/jpegPIA25797.2e16d0ba.fill-400x400-c50.jpg
Reull Vallis,https://d2pn8kiwq2w21t.cloudfront.net/images/jpegPIA25803.2e16d0ba.fill-400x400-c50.jpg
Mars Team Members Honor You've Got Perseverance Awardees in February 2023,https://d2pn8kiwq2w21t.cloudfront.net/images/jpegPIA25796.2e16d0ba.fill-400x400-c50.jpg
Annotated Version of Perseverance Selfie With Sample Tubes,https://d2pn8kiwq2w21t.cloudfront.net/images/jpegPIA25735.2e16d0ba.fill-400x400-c50.jpg
Kaiser Crater Dunes,https://d2pn8kiwq2w21t.cloudfront.net/images/jpegPIA25802.2e16d0ba.fill-400x400-c50.jpg
Perseverance's Portrait of the Sample Depot,https://d2pn8kiwq2w21t.cloudfront.net/images/jpegPIA25736.2e16d0ba.fill-400x400-c50.jpg
WATSON's Photomontage of Mars Sample Depot,https://d2pn8kiwq2w21t.cloudfront.net/images/jpegPIA25738.2e16d0ba.fill-400x400-c50.jpg
Claritas Fossae,https://d2pn8kiwq2w21t.cloudfront.net/images/jpegPIA25801.2e16d0ba.fill-400x400-c50.jpg
Daedalia Planum,https://d2pn8kiwq2w21t.cloudfront.net/images/jpegPIA25770.2e16d0ba.fill-400x400-c50.jpg
Tithonium and Ius Chasmata,https://d2pn8kiwq2w21t.cloudfront.net/images/jpegPIA25769.2e16d0ba.fill-400x400-c50.jpg
Satellites Assess Earthquake Damage in Turkey,https://d2pn8kiwq2w21t.cloudfront.net/images/jpegPIA25564.2e16d0ba.fill-400x400-c50.jpg
Three-Telescope View of the Sun,https://d2pn8kiwq2w21t.cloudfront.net/images/jpegPIA25628.2e16d0ba.fill-400x400-c50.jpg
Curiosity's 360-Degree View of Marker Band Valley,https://d2pn8kiwq2w21t.cloudfront.net/images/jpegPIA25732.2e16d0ba.fill-400x400-c50.jpg
ChemCam Mosaic of Gediz Vallis Ridge,https://d2pn8kiwq2w21t.cloudfront.net/images/jpegPIA25731.2e16d0ba.fill-400x400-c50.jpg
Curiosity Views Rhythmic Rock Layers,https://d2pn8kiwq2w21t.cloudfront.net/images/jpegPIA25734.2e16d0ba.fill-400x400-c50.jpg
Curiosity Views Gediz Vallis,https://d2pn8kiwq2w21t.cloudfront.net/images/jpegPIA25733.2e16d0ba.fill-400x400-c50.jpg
Pavonis Mons,https://d2pn8kiwq2w21t.cloudfront.net/images/jpegPIA25768.2e16d0ba.fill-400x400-c50.jpg
Tithonium Chasma,https://d2pn8kiwq2w21t.cloudfront.net/images/jpegPIA25767.2e16d0ba.fill-400x400-c50.jpg
Sirenum Fossae,https://d2pn8kiwq2w21t.cloudfront.net/images/jpegPIA25766.2e16d0ba.fill-400x400-c50.jpg
"NASA, JPL, ISRO, and Indian Embassy Officials Send Off NISAR",https://d2pn8kiwq2w21t.cloudfront.net/images/jpegPIA25600.2e16d0ba.fill-400x400-c50.jpg
"NASA, ISRO, Indian Embassy Officials Visit NISAR in Clean Room",https://d2pn8kiwq2w21t.cloudfront.net/images/jpegPIA25599.2e16d0ba.fill-400x400-c50.jpg
ISRO Chairman Visits NISAR in a Clean Room at JPL,https://d2pn8kiwq2w21t.cloudfront.net/images/jpegPIA25598.2e16d0ba.fill-400x400-c50.jpg
Daedalia Planum,https://d2pn8kiwq2w21t.cloudfront.net/images/jpegPIA25765.2e16d0ba.fill-400x400-c50.jpg
"Engineers, Technicians Working on NISAR in Clean Room",https://d2pn8kiwq2w21t.cloudfront.net/images/jpegPIA25771.2e16d0ba.fill-400x400-c50.jpg
Ariadnes Colles,https://d2pn8kiwq2w21t.cloudfront.net/images/jpegPIA25764.2e16d0ba.fill-400x400-c50.jpg
Mars Helicopter at Three Forks,https://d2pn8kiwq2w21t.cloudfront.net/images/jpegPIA25683.2e16d0ba.fill-400x400-c50.jpg
"Curiosity Finds a Meteorite, Cacao",https://d2pn8kiwq2w21t.cloudfront.net/images/jpegPIA25737.2e16d0ba.fill-400x400-c50.jpg
Daedalia Planum,https://d2pn8kiwq2w21t.cloudfront.net/images/jpegPIA25763.2e16d0ba.fill-400x400-c50.jpg
A Bear on Mars?,https://d2pn8kiwq2w21t.cloudfront.net/images/jpegPIA25709.2e16d0ba.fill-400x400-c50.jpg
Going with the Flow,https://d2pn8kiwq2w21t.cloudfront.net/images/jpegPIA25707.2e16d0ba.fill-400x400-c50.jpg
A New Impact Event,https://d2pn8kiwq2w21t.cloudfront.net/images/jpegPIA25710.2e16d0ba.fill-400x400-c50.jpg
Daedalia Planum,https://d2pn8kiwq2w21t.cloudfront.net/images/jpegPIA25762.2e16d0ba.fill-400x400-c50.jpg
Gully Activity in Triolet Crater,https://d2pn8kiwq2w21t.cloudfront.net/images/jpegPIA25708.2e16d0ba.fill-400x400-c50.jpg
Crater Gullies,https://d2pn8kiwq2w21t.cloudfront.net/images/jpegPIA25761.2e16d0ba.fill-400x400-c50.jpg
WATSON Documents Final Tube Dropped at Three Forks Sample Depot,https://d2pn8kiwq2w21t.cloudfront.net/images/jpegPIA25340.2e16d0ba.fill-400x400-c50.jpg
Perseverance's Three Forks Sample Depot Map,https://d2pn8kiwq2w21t.cloudfront.net/images/jpegPIA25682.2e16d0ba.fill-400x400-c50.jpg
Ius Chasma,https://d2pn8kiwq2w21t.cloudfront.net/images/jpegPIA25760.2e16d0ba.fill-400x400-c50.jpg
Windstreak,https://d2pn8kiwq2w21t.cloudfront.net/images/jpegPIA25759.2e16d0ba.fill-400x400-c50.jpg
Sirenum Fossae,https://d2pn8kiwq2w21t.cloudfront.net/images/jpegPIA25758.2e16d0ba.fill-400x400-c50.jpg
Perseverance's Three Forks Sample Depot Selfie,https://d2pn8kiwq2w21t.cloudfront.net/images/jpegPIA25681.2e16d0ba.fill-400x400-c50.jpg
Claritas Fossae,https://d2pn8kiwq2w21t.cloudfront.net/images/jpegPIA25757.2e16d0ba.fill-400x400-c50.jpg
"London, England Parks",https://d2pn8kiwq2w21t.cloudfront.net/images/jpegPIA25706.2e16d0ba.fill-400x400-c50.jpg
NASA's Psyche: Picking up Launch Prep for 2023,https://d2pn8kiwq2w21t.cloudfront.net/images/jpegPIA25664.2e16d0ba.fill-400x400-c50.jpg
Gale Crater,https://d2pn8kiwq2w21t.cloudfront.net/images/jpegPIA25756.2e16d0ba.fill-400x400-c50.jpg
South Polar Layers,https://d2pn8kiwq2w21t.cloudfront.net/images/jpegPIA25755.2e16d0ba.fill-400x400-c50.jpg
Gorgonum Chaos,https://d2pn8kiwq2w21t.cloudfront.net/images/jpegPIA25754.2e16d0ba.fill-400x400-c50.jpg
Sirenum Fossae,https://d2pn8kiwq2w21t.cloudfront.net/images/jpegPIA25753.2e16d0ba.fill-400x400-c50.jpg
Abus and Senus Valles,https://d2pn8kiwq2w21t.cloudfront.net/images/jpegPIA25752.2e16d0ba.fill-400x400-c50.jpg
Reull Vallis,https://d2pn8kiwq2w21t.cloudfront.net/images/jpegPIA25751.2e16d0ba.fill-400x400-c50.jpg
Reull Vallis,https://d2pn8kiwq2w21t.cloudfront.net/images/jpegPIA25750.2e16d0ba.fill-400x400-c50.jpg
Atlantis Chaos,https://d2pn8kiwq2w21t.cloudfront.net/images/jpegPIA25749.2e16d0ba.fill-400x400-c50.jpg
Lunar Flashlight's Trajectory Correction Maneuver (Illustration),https://d2pn8kiwq2w21t.cloudfront.net/images/jpegPIA25258.2e16d0ba.fill-400x400-c50.jpg
Daedalia Planum,https://d2pn8kiwq2w21t.cloudfront.net/images/jpegPIA25748.2e16d0ba.fill-400x400-c50.jpg
"Potosi, Bolivia",https://d2pn8kiwq2w21t.cloudfront.net/images/jpegPIA25705.2e16d0ba.fill-400x400-c50.jpg
Crater Delta,https://d2pn8kiwq2w21t.cloudfront.net/images/jpegPIA25747.2e16d0ba.fill-400x400-c50.jpg
California Atmospheric River Storms Captured by NASA's AIRS,https://d2pn8kiwq2w21t.cloudfront.net/images/jpegPIA25597.2e16d0ba.fill-400x400-c50.jpg
Proctor Crater Dunes,https://d2pn8kiwq2w21t.cloudfront.net/images/jpegPIA25746.2e16d0ba.fill-400x400-c50.jpg
Daedalia Planum,https://d2pn8kiwq2w21t.cloudfront.net/images/jpegPIA25745.2e16d0ba.fill-400x400-c50.jpg
Ariadnes Colles,https://d2pn8kiwq2w21t.cloudfront.net/images/jpegPIA25744.2e16d0ba.fill-400x400-c50.jpg
Crater Rim Channels,https://d2pn8kiwq2w21t.cloudfront.net/images/jpegPIA25743.2e16d0ba.fill-400x400-c50.jpg
Crater Dunes,https://d2pn8kiwq2w21t.cloudfront.net/images/jpegPIA25742.2e16d0ba.fill-400x400-c50.jpg
Mars Rover and Team at Adler Planetarium,https://d2pn8kiwq2w21t.cloudfront.net/images/jpegPIA25640.2e16d0ba.fill-400x400-c50.jpg
South Polar Layers,https://d2pn8kiwq2w21t.cloudfront.net/images/jpegPIA25741.2e16d0ba.fill-400x400-c50.jpg
South Polar Layers,https://d2pn8kiwq2w21t.cloudfront.net/images/jpegPIA25720.2e16d0ba.fill-400x400-c50.jpg
Kaiser Crater Dunes,https://d2pn8kiwq2w21t.cloudfront.net/images/jpegPIA25719.2e16d0ba.fill-400x400-c50.jpg
Nereidum Montes Dunes,https://d2pn8kiwq2w21t.cloudfront.net/images/jpegPIA25718.2e16d0ba.fill-400x400-c50.jpg
Coprates Chasma,https://d2pn8kiwq2w21t.cloudfront.net/images/jpegPIA25717.2e16d0ba.fill-400x400-c50.jpg
Russell Crater Dunes,https://d2pn8kiwq2w21t.cloudfront.net/images/jpegPIA25716.2e16d0ba.fill-400x400-c50.jpg
Eberswalde Crater,https://d2pn8kiwq2w21t.cloudfront.net/images/jpegPIA25715.2e16d0ba.fill-400x400-c50.jpg
NASA's Lunar Flashlight Spotted From Earth on Its Way to the Moon,https://d2pn8kiwq2w21t.cloudfront.net/images/jpegPIA25257.2e16d0ba.fill-400x400-c50.jpg
Channels on a Streamlined Island of Kasei Vallis,https://d2pn8kiwq2w21t.cloudfront.net/images/jpegPIA25702.2e16d0ba.fill-400x400-c50.jpg
"Tectonic, Volcanic and Fluvial Activity?",https://d2pn8kiwq2w21t.cloudfront.net/images/jpegPIA25701.2e16d0ba.fill-400x400-c50.jpg
Sirenum Fossae,https://d2pn8kiwq2w21t.cloudfront.net/images/jpegPIA25714.2e16d0ba.fill-400x400-c50.jpg
Engineers Work on Lunar Trailblazer's HVM³ Imaging Spectrometer,https://d2pn8kiwq2w21t.cloudfront.net/images/jpegPIA25254.2e16d0ba.fill-400x400-c50.jpg
Dunes in Hellas,https://d2pn8kiwq2w21t.cloudfront.net/images/jpegPIA25704.2e16d0ba.fill-400x400-c50.jpg
Lunar Trailblazer's HVM³ Imaging Spectrometer Before Spacecraft Integration,https://d2pn8kiwq2w21t.cloudfront.net/images/jpegPIA25256.2e16d0ba.fill-400x400-c50.jpg
A Closer View of NASA Lunar Trailblazer's HVM³ Imaging Spectrometer,https://d2pn8kiwq2w21t.cloudfront.net/images/jpegPIA25255.2e16d0ba.fill-400x400-c50.jpg
Mysterious Crater Deposits,https://d2pn8kiwq2w21t.cloudfront.net/images/jpegPIA25703.2e16d0ba.fill-400x400-c50.jpg
NEO Surveyor in an Infrared Starfield Filled With Asteroids (Illustration),https://d2pn8kiwq2w21t.cloudfront.net/images/jpegPIA25253.2e16d0ba.fill-400x400-c50.jpg
"Eriskay Island, Scotland",https://d2pn8kiwq2w21t.cloudfront.net/images/jpegPIA25639.2e16d0ba.fill-400x400-c50.jpg
Perseverance Deposits Its First Sample on the Martian Surface,https://d2pn8kiwq2w21t.cloudfront.net/images/jpegPIA25652.2e16d0ba.fill-400x400-c50.jpg
Deployment of SWOT's Solar Arrays,https://d2pn8kiwq2w21t.cloudfront.net/images/jpegPIA25563.2e16d0ba.fill-400x400-c50.jpg
One of InSight's Last Images,https://d2pn8kiwq2w21t.cloudfront.net/images/jpegPIA25680.2e16d0ba.fill-400x400-c50.jpg
Roman Coronagraph Focal Plane Mask,https://d2pn8kiwq2w21t.cloudfront.net/images/jpegPIA25438.2e16d0ba.fill-400x400-c50.jpg
OPTIMISM Sticks the Landing,https://d2pn8kiwq2w21t.cloudfront.net/images/jpegPIA25677.2e16d0ba.fill-400x400-c50.jpg
Testing a Sample Drop in the Mars Yard,https://d2pn8kiwq2w21t.cloudfront.net/images/jpegPIA25676.2e16d0ba.fill-400x400-c50.jpg
Roman Coronagraph Instrument Color Filter Assembly,https://d2pn8kiwq2w21t.cloudfront.net/images/jpegPIA25436.2e16d0ba.fill-400x400-c50.jpg
Engineers Assemble Electronics Layer on Roman Coronagraph Instrument,https://d2pn8kiwq2w21t.cloudfront.net/images/jpegPIA25435.2e16d0ba.fill-400x400-c50.jpg
Roman Coronagraph Optical Bench Assembly,https://d2pn8kiwq2w21t.cloudfront.net/images/jpegPIA25439.2e16d0ba.fill-400x400-c50.jpg
Roman Coronagraph Fast Steering Mirror,https://d2pn8kiwq2w21t.cloudfront.net/images/jpegPIA25437.2e16d0ba.fill-400x400-c50.jpg
Claritas Fossae,https://d2pn8kiwq2w21t.cloudfront.net/images/jpegPIA25713.2e16d0ba.fill-400x400-c50.jpg
WATSON Documents First Sample on the Martian Surface,https://d2pn8kiwq2w21t.cloudfront.net/images/jpegPIA25663.2e16d0ba.fill-400x400-c50.jpg
A Black Hole Destroys a Star (Illustration),https://d2pn8kiwq2w21t.cloudfront.net/images/jpegPIA25440.2e16d0ba.fill-400x400-c50.jpg
Ius Chasma,https://d2pn8kiwq2w21t.cloudfront.net/images/jpegPIA25712.2e16d0ba.fill-400x400-c50.jpg
Claritas Fossae Channel,https://d2pn8kiwq2w21t.cloudfront.net/images/jpegPIA25711.2e16d0ba.fill-400x400-c50.jpg
Airborne NASA Radar Maps Mauna Loa Lava Changes in Hawaii,https://d2pn8kiwq2w21t.cloudfront.net/images/jpegPIA25526.2e16d0ba.fill-400x400-c50.jpg
Mangala Fossae,https://d2pn8kiwq2w21t.cloudfront.net/images/jpegPIA25650.2e16d0ba.fill-400x400-c50.jpg
Perseverance's Navcam Views Bettys Rock,https://d2pn8kiwq2w21t.cloudfront.net/images/jpegPIA25658.2e16d0ba.fill-400x400-c50.jpg
Perseverance's Mastcam-Z Views Bettys Rock,https://d2pn8kiwq2w21t.cloudfront.net/images/jpegPIA25656.2e16d0ba.fill-400x400-c50.jpg
A Map of Perseverance's Samples,https://d2pn8kiwq2w21t.cloudfront.net/images/jpegPIA25674.2e16d0ba.fill-400x400-c50.jpg
Map of Perseverance's Delta Top Campaign,https://d2pn8kiwq2w21t.cloudfront.net/images/jpegPIA25673.2e16d0ba.fill-400x400-c50.jpg
Perseverance's Mastcam-Z Views Rockytop,https://d2pn8kiwq2w21t.cloudfront.net/images/jpegPIA25660.2e16d0ba.fill-400x400-c50.jpg
Arsia Mons,https://d2pn8kiwq2w21t.cloudfront.net/images/jpegPIA25649.2e16d0ba.fill-400x400-c50.jpg
Perseverance Views Bettys Rock,https://d2pn8kiwq2w21t.cloudfront.net/images/jpegPIA25655.2e16d0ba.fill-400x400-c50.jpg
"Perseverance's Cameras, Tallies of Their Images",https://d2pn8kiwq2w21t.cloudfront.net/images/jpegPIA25653.2e16d0ba.fill-400x400-c50.jpg
Perseverance's WATSON Views Bettys Rock,https://d2pn8kiwq2w21t.cloudfront.net/images/jpegPIA25659.2e16d0ba.fill-400x400-c50.jpg
Mastcam-Z Views the Eastern Edge of Jezero's Delta,https://d2pn8kiwq2w21t.cloudfront.net/images/jpegPIA25671.2e16d0ba.fill-400x400-c50.jpg
NASA's Perseverance Rover Collects Regolith,https://d2pn8kiwq2w21t.cloudfront.net/images/jpegPIA25654.2e16d0ba.fill-400x400-c50.jpg
Perseverance's Mastcam-Z Views Hogwallow Flats,https://d2pn8kiwq2w21t.cloudfront.net/images/jpegPIA25672.2e16d0ba.fill-400x400-c50.jpg
Three of Perseverance's Depot Locations,https://d2pn8kiwq2w21t.cloudfront.net/images/jpegPIA25679.2e16d0ba.fill-400x400-c50.jpg
A Map of Perseverance's Depot Samples,https://d2pn8kiwq2w21t.cloudfront.net/images/jpegPIA25678.2e16d0ba.fill-400x400-c50.jpg
Perseverance Views Depot Site in the Distance,https://d2pn8kiwq2w21t.cloudfront.net/images/jpegPIA25675.2e16d0ba.fill-400x400-c50.jpg
Jupiter's Moon Io Seen in Infrared Light,https://d2pn8kiwq2w21t.cloudfront.net/images/jpegPIA25698.2e16d0ba.fill-400x400-c50.jpg
NASA's Juno Mission Captures Images of Europa,https://d2pn8kiwq2w21t.cloudfront.net/images/jpegPIA25695.2e16d0ba.fill-400x400-c50.jpg
Looking for Eruptions at Jupiter's Moon Europa,https://d2pn8kiwq2w21t.cloudfront.net/images/jpegPIA25694.2e16d0ba.fill-400x400-c50.jpg
NASA's Juno Mission Captures Swirls in Jovian Storms,https://d2pn8kiwq2w21t.cloudfront.net/images/jpegPIA25691.2e16d0ba.fill-400x400-c50.jpg
NASA's Juno Mission Explores the Magnetic Connection Between Jupiter and Ganymede,https://d2pn8kiwq2w21t.cloudfront.net/images/jpegPIA25724.2e16d0ba.fill-400x400-c50.jpg
NASA's Juno Views Northern Cyclones on Jupiter,https://d2pn8kiwq2w21t.cloudfront.net/images/jpegPIA25692.2e16d0ba.fill-400x400-c50.jpg
Crater Gullies,https://d2pn8kiwq2w21t.cloudfront.net/images/jpegPIA25648.2e16d0ba.fill-400x400-c50.jpg
JunoCam Close-Up of Europa,https://d2pn8kiwq2w21t.cloudfront.net/images/jpegPIA25696.2e16d0ba.fill-400x400-c50.jpg
Juno Offers a Window Seat for a Jupiter Flyby,https://d2pn8kiwq2w21t.cloudfront.net/images/jpegPIA25723.2e16d0ba.fill-400x400-c50.jpg
Juno Zooms in on Jupiter's Moon Ganymede,https://d2pn8kiwq2w21t.cloudfront.net/images/jpegPIA25721.2e16d0ba.fill-400x400-c50.jpg
JunoCam Captures a Northern Jet on Jupiter,https://d2pn8kiwq2w21t.cloudfront.net/images/jpegPIA25693.2e16d0ba.fill-400x400-c50.jpg
NASA Honors December 2022 You've Got Perseverance Awardees,https://d2pn8kiwq2w21t.cloudfront.net/images/jpegPIA25636.2e16d0ba.fill-400x400-c50.jpg
NASA's Perseverance Records a Martian Dust Devil,https://d2pn8kiwq2w21t.cloudfront.net/images/jpegPIA25657.2e16d0ba.fill-400x400-c50.jpg
Angustus Labyrinthus,https://d2pn8kiwq2w21t.cloudfront.net/images/jpegPIA25647.2e16d0ba.fill-400x400-c50.jpg
Virtual Meetup Honors You've Got Perseverance Awardees in December 2022,https://d2pn8kiwq2w21t.cloudfront.net/images/jpegPIA25638.2e16d0ba.fill-400x400-c50.jpg
NASA Mars Team Honors December 2022 You've Got Perseverance Awardees,https://d2pn8kiwq2w21t.cloudfront.net/images/jpegPIA25637.2e16d0ba.fill-400x400-c50.jpg
Sample Recovery Helicopter Model Gets a Test,https://d2pn8kiwq2w21t.cloudfront.net/images/jpegPIA25320.2e16d0ba.fill-400x400-c50.jpg
Proctor Crater Dunes,https://d2pn8kiwq2w21t.cloudfront.net/images/jpegPIA25646.2e16d0ba.fill-400x400-c50.jpg
Lunar Flashlight With Solar Arrays Deployed (Illustration),https://d2pn8kiwq2w21t.cloudfront.net/images/jpegPIA25626.2e16d0ba.fill-400x400-c50.jpg
Ingenuity's Hazard Avoidance Capability,https://d2pn8kiwq2w21t.cloudfront.net/images/jpegPIA25662.2e16d0ba.fill-400x400-c50.jpg
SWOT KaRIn Antenna Test,https://d2pn8kiwq2w21t.cloudfront.net/images/jpegPIA25594.2e16d0ba.fill-400x400-c50.jpg
Model of Proposed Mars Science Helicopter,https://d2pn8kiwq2w21t.cloudfront.net/images/jpegPIA25661.2e16d0ba.fill-400x400-c50.jpg
SWOT in Orbit (Illustration),https://d2pn8kiwq2w21t.cloudfront.net/images/jpegPIA25595.2e16d0ba.fill-400x400-c50.jpg
SWOT Spacecraft Encapsulated in Payload Fairing,https://d2pn8kiwq2w21t.cloudfront.net/images/jpegPIA25627.2e16d0ba.fill-400x400-c50.jpg
Sirenum Fossae,https://d2pn8kiwq2w21t.cloudfront.net/images/jpegPIA25645.2e16d0ba.fill-400x400-c50.jpg
Satellite Data Shows Ground Motion From Mauna Loa Volcano Eruption,https://d2pn8kiwq2w21t.cloudfront.net/images/jpegPIA25525.2e16d0ba.fill-400x400-c50.jpg
Charlier Crater Dunes,https://d2pn8kiwq2w21t.cloudfront.net/images/jpegPIA25644.2e16d0ba.fill-400x400-c50.jpg
Perseverance's First 2 Regolith Samples,https://d2pn8kiwq2w21t.cloudfront.net/images/jpegPIA25589.2e16d0ba.fill-400x400-c50.jpg
Perseverance's CacheCam Views a Regolith Sample,https://d2pn8kiwq2w21t.cloudfront.net/images/jpegPIA25588.2e16d0ba.fill-400x400-c50.jpg
Perseverance's Drill Bits,https://d2pn8kiwq2w21t.cloudfront.net/images/jpegPIA25590.2e16d0ba.fill-400x400-c50.jpg
Charitum Montes Gullies,https://d2pn8kiwq2w21t.cloudfront.net/images/jpegPIA25643.2e16d0ba.fill-400x400-c50.jpg
Testing Perseverance's Regolith Bit Here on Earth,https://d2pn8kiwq2w21t.cloudfront.net/images/jpegPIA25651.2e16d0ba.fill-400x400-c50.jpg
Sirenum Fossae,https://d2pn8kiwq2w21t.cloudfront.net/images/jpegPIA25642.2e16d0ba.fill-400x400-c50.jpg
"Takawangha Volcano, Alaska",https://d2pn8kiwq2w21t.cloudfront.net/images/jpegPIA25560.2e16d0ba.fill-400x400-c50.jpg
Testing NASA's Cold Operable Lunar Deployable Arm (COLDArm),https://d2pn8kiwq2w21t.cloudfront.net/images/jpegPIA25316.2e16d0ba.fill-400x400-c50.jpg
Crater Dunes,https://d2pn8kiwq2w21t.cloudfront.net/images/jpegPIA25641.2e16d0ba.fill-400x400-c50.jpg
NASA's AIRS Instrument Tracks Volcanic Sulfur Dioxide Plume from Mauna Loa Eruption,https://d2pn8kiwq2w21t.cloudfront.net/images/jpegPIA25562.2e16d0ba.fill-400x400-c50.jpg
NASA's COLDArm at Lunar Regolith Simulant Test Bed,https://d2pn8kiwq2w21t.cloudfront.net/images/jpegPIA25317.2e16d0ba.fill-400x400-c50.jpg
Close-Up on COLDArm's Titanium 3D-Printed Scoop,https://d2pn8kiwq2w21t.cloudfront.net/images/jpegPIA25318.2e16d0ba.fill-400x400-c50.jpg
Fossae,https://d2pn8kiwq2w21t.cloudfront.net/images/jpegPIA25635.2e16d0ba.fill-400x400-c50.jpg
South Polar Clouds,https://d2pn8kiwq2w21t.cloudfront.net/images/jpegPIA25634.2e16d0ba.fill-400x400-c50.jpg
Polar Layers,https://d2pn8kiwq2w21t.cloudfront.net/images/jpegPIA25633.2e16d0ba.fill-400x400-c50.jpg
Crater Dunes,https://d2pn8kiwq2w21t.cloudfront.net/images/jpegPIA25632.2e16d0ba.fill-400x400-c50.jpg
Tader Valles,https://d2pn8kiwq2w21t.cloudfront.net/images/jpegPIA25631.2e16d0ba.fill-400x400-c50.jpg
Claritas Fossae,https://d2pn8kiwq2w21t.cloudfront.net/images/jpegPIA25620.2e16d0ba.fill-400x400-c50.jpg
Mangala Fossae,https://d2pn8kiwq2w21t.cloudfront.net/images/jpegPIA25619.2e16d0ba.fill-400x400-c50.jpg
NASA's Europa Clipper Reaction Wheel in Process,https://d2pn8kiwq2w21t.cloudfront.net/images/jpegPIA25497.2e16d0ba.fill-400x400-c50.jpg
NASA's Europa Clipper: Reaction Wheel Installation,https://d2pn8kiwq2w21t.cloudfront.net/images/jpegPIA25496.2e16d0ba.fill-400x400-c50.jpg
Cavi Angusti,https://d2pn8kiwq2w21t.cloudfront.net/images/jpegPIA25618.2e16d0ba.fill-400x400-c50.jpg
NASA's Europa Clipper Reaction Wheels Installed,https://d2pn8kiwq2w21t.cloudfront.net/images/jpegPIA25495.2e16d0ba.fill-400x400-c50.jpg
NASA's Europa Clipper Gets Its Reaction Wheels,https://d2pn8kiwq2w21t.cloudfront.net/images/jpegPIA25494.2e16d0ba.fill-400x400-c50.jpg
Reull Vallis,https://d2pn8kiwq2w21t.cloudfront.net/images/jpegPIA25617.2e16d0ba.fill-400x400-c50.jpg
Orion Nebula in Infrared,https://d2pn8kiwq2w21t.cloudfront.net/images/jpegPIA25434.2e16d0ba.fill-400x400-c50.jpg
Proctor Crater Dunes,https://d2pn8kiwq2w21t.cloudfront.net/images/jpegPIA25616.2e16d0ba.fill-400x400-c50.jpg
Daedalia Planum,https://d2pn8kiwq2w21t.cloudfront.net/images/jpegPIA25615.2e16d0ba.fill-400x400-c50.jpg
NASA's Juno Mission Spots Two Jovian Moons,https://d2pn8kiwq2w21t.cloudfront.net/images/jpegPIA25019.2e16d0ba.fill-400x400-c50.jpg
South Polar Cap,https://d2pn8kiwq2w21t.cloudfront.net/images/jpegPIA25614.2e16d0ba.fill-400x400-c50.jpg
Jezero Crater's Yori Pass,https://d2pn8kiwq2w21t.cloudfront.net/images/jpegPIA25339.2e16d0ba.fill-400x400-c50.jpg
Landslides,https://d2pn8kiwq2w21t.cloudfront.net/images/jpegPIA25613.2e16d0ba.fill-400x400-c50.jpg
Claritas Fossae,https://d2pn8kiwq2w21t.cloudfront.net/images/jpegPIA25612.2e16d0ba.fill-400x400-c50.jpg
SWOT Above Earth (Illustration),https://d2pn8kiwq2w21t.cloudfront.net/images/jpegPIA25621.2e16d0ba.fill-400x400-c50.jpg
SWOT in Orbit With View of KaRIn Instrument (Illustration),https://d2pn8kiwq2w21t.cloudfront.net/images/jpegPIA24530.2e16d0ba.fill-400x400-c50.jpg
"NASA's Mars Helicopters: Present, Future, and Proposed",https://d2pn8kiwq2w21t.cloudfront.net/images/jpegPIA25338.2e16d0ba.fill-400x400-c50.jpg
SWOT Satellite will Improve Clarity and Detail of Sea Height Measurements,https://d2pn8kiwq2w21t.cloudfront.net/images/jpegPIA25561.2e16d0ba.fill-400x400-c50.jpg
SWOT Headed to France on C-17 Aircraft,https://d2pn8kiwq2w21t.cloudfront.net/images/jpegPIA25625.2e16d0ba.fill-400x400-c50.jpg
SWOT Secured for Transport in C-17 Aircraft,https://d2pn8kiwq2w21t.cloudfront.net/images/jpegPIA25624.2e16d0ba.fill-400x400-c50.jpg
SWOT Orbiting Earth (Illustration),https://d2pn8kiwq2w21t.cloudfront.net/images/jpegPIA25623_AXqxAAF.2e16d0ba.fill-400x400-c50.jpg
SWOT Satellite With Solar Arrays in Full View (Illustration),https://d2pn8kiwq2w21t.cloudfront.net/images/jpegPIA25622.2e16d0ba.fill-400x400-c50.jpg
Out of Round,https://d2pn8kiwq2w21t.cloudfront.net/images/jpegPIA25611.2e16d0ba.fill-400x400-c50.jpg
Daedalia Planum,https://d2pn8kiwq2w21t.cloudfront.net/images/jpegPIA25610.2e16d0ba.fill-400x400-c50.jpg
The Eagle Nebula Observed by WISE,https://d2pn8kiwq2w21t.cloudfront.net/images/jpegPIA25433.2e16d0ba.fill-400x400-c50.jpg
Hale Crater,https://d2pn8kiwq2w21t.cloudfront.net/images/jpegPIA25609.2e16d0ba.fill-400x400-c50.jpg
Daedalia Planum,https://d2pn8kiwq2w21t.cloudfront.net/images/jpegPIA25608.2e16d0ba.fill-400x400-c50.jpg
Eberswalde Crater,https://d2pn8kiwq2w21t.cloudfront.net/images/jpegPIA25607.2e16d0ba.fill-400x400-c50.jpg
Reull Vallis,https://d2pn8kiwq2w21t.cloudfront.net/images/jpegPIA25606.2e16d0ba.fill-400x400-c50.jpg
Daedalia Planum,https://d2pn8kiwq2w21t.cloudfront.net/images/jpegPIA25605.2e16d0ba.fill-400x400-c50.jpg
CacheCam Image of Perseverance's 14th Sample of Martian Rock,https://d2pn8kiwq2w21t.cloudfront.net/images/jpegPIA25337.2e16d0ba.fill-400x400-c50.jpg
Daedalia Planum,https://d2pn8kiwq2w21t.cloudfront.net/images/jpegPIA25604.2e16d0ba.fill-400x400-c50.jpg
